text	class	cV	cR1	cR2	V	R1	R2
"Нет, желающих слепить ""мегапартию"" навалом и заявлений на эту тему – тоже,но все мыслят ее слепленной вокруг себя."							
Боевики учли это, а наше командование – нет.							
Кладбище напоминало ему Манхэттен, но в Манхэттене могли убить, а на кладбище – реже.							
Прогресс не касался лишь принципа движения детали относительно резца и резца относительно детали.							
Люда росла, и город рос, но как-то вяло, с запинками.							
"А там одна слава ""удобства"" - вода сегодня идет, завтра нет."							
В университет сдают в июле, а туда в августе.							
Люда послушалась, свезла туда документы, опять держала экзамены, падая с ног от усталости и недоедания, но на этот раз удачно: конкурс прошла.							
Люда от полуголодной жизни похудела, а толстая Ася ничуточки.							
Нагрев твердых тел приводит к их плавлению, затем кипению, испарению, а в дальнейшем и к образованию плазмы.							
Суть различия между паром и газом заключается в том, что пар можно сжать так, что он превратится в жидкость, а газ нельзя.							
То, что первое не совпадает со вторым, продемонстрировал факт строительства нового общества в СССР и других странах в условиях соревнования с капитализмом, а в последнее десятилетие -и структурной перестройки его экономики под воздействием НТР.							
Будто родился его отец сразу в двух веках - и в прошлом и в сегодняшнем, будто именно эпохи имеют лицо, а один человек – нет.							
Гарусов тоже клеил в дворницкой: сначала выходило криво, а потом ничего.							
И все-таки многие ребята поумирали, а Гарусов – нет.							
Десятки микроэлементов входят в состав нефти, в том числе ванадий.							
Отчего же угольные, торфяные и сланцевые ТЭС оборудованы золоуловителями, а мазутные – нет?							
В сернистых мазутах на каждую тонну приходится от 50 до 170 граммов, иногдаи больше.							
Мама и Наташа погибли, а я – нет.							
Дважды два еще знаю, а более высшего – нет].							
Когда ходит, от нее ветер по комнате.							
Монахов видел его всего, но воспринимал не все: пока – чемоданчик.							
"В настоящее время в России понятия ""самые образованные"" и ""самые богатые"" сильно коррелируются между собой, но пока еще не полностью."							
Мировое производство кокаина в 1990-2005 годах не сокращалось, изменяясь в пределах 770-950 тонн в год, опиума - в 1995 году составляло 4400 тонн, а в 2007 году – уже 8800 тонн.							
Мукомолы ссылаются не только на зерно, но также и на тарифы на газ, которые с лета увеличились на 26%, бензин - на 15.							
"И все это - на пустом месте, нет объективных причин ""дуться как мышь на крупу"" на весь белый свет."							
Тогда деньги стали общими, а экономики – нет.							
Отсюда он летит в Сочи - и сразу обратно в Уфу, на чемпионат Башкирии, а 5 апреля стартует чемпионат России в Ханты-Мансийске.							
Почему в Москве квартира может стоить дороже, чем в Майами, а программа нет? - пожимает плечами ректор ИМИСП Сергей Мордовин.							
"Если г-н Путин говорил сегодня то же, чтои вчера, - это ""принципиальная последовательность лидера страны""."							
Ирина Хазова усугубила травму пальца на ноге и на вопрос главного тренера Юрия Чарковского, сможет ли выступить, ответила, что выступить сможет, а бороться нет.							
Гайдару было тридцать пять, когда он достиг вершины российской политики, и тридцать шесть, когда он ее оставил.							
У кого-то появились серьезные состояния, у большинства – нет.							
Так, оркестранты сроду не видели спектакля толком, но всегда - снизу, из своей ямы, и то лишь та половина, которая сидела ближе к зрителям.							
Потом под крики своего начальника галопом бежали вокруг задника - и снова несли, так несколько раз, чем достигался эффект массовой сцены.							
Дирекция была особым миром, Олимпом, в который Илья Ильич если когда-либо и входил, то не иначе, как непроизвольно стушевываясь и теряясь.							
Но он побежит - и с ним будет то же, что с тобой.							
Зеркалам веришь, пока молод, а потом зеркала начинают фальшивить, они лгут, и притом грубо и безжалостно.							
Тот результат мы уже получили, а этот - еще нет.							
Махнет без злого умысла титаническим хоботом - там улица, хвостом – переулочек.							
Если вы хотите добиться экономического роста, то примерно можно понять, что для этого надо сделать, но именно примерно.							
У вас уникальный опыт по разгосударствлению, в том числе и нефтяной отрасли.							
Нравился и он сам себе: крепкие лыжные ботинки, шерстяные носки почти до колен, толстый мохнатый свитер и австрийская шапочка с козырьком, но больше всего лыжи, прекрасные клееные лыжи, стянутые ремешками.							
"Говорить почти не говорили, редко только друг другу: ""Посмотри!"" или ""Послушай!"""							
Она была, правда, грустна и рассеянна и все отставала, но он не понимал ничего, а думал, что это она от усталости.							
В воскресенье картина повторяется, но уже в обратную сторону.							
Конечно, все знают, что Байкал - озеро, но никто его иначе как море не называет, или уважительно, по имени.							
Профессионалы, спивавшиеся от бессилия противостоять агитпропу или собственной человеческой слабости, остались там же, где и классические диссиденты.							
Впрочем, недавнее открытие китайских археологов свидетельствует, что пальма первенства и этого поистине великого изобретения принадлежит Поднебесной: в провинции Хенань на раскопках гробницы одного из правителей западной ханьской династии обнаружили туалет с каменным сиденьем, удобными подлокотниками и проточной водой: после смерти люди должны были наслаждаться тем же, чем и при жизни.							
Экономический эффект от создания таких систем очевиден: сокращение затрат на поддержку всегда кстати, а особенно в кризисные времена.							
"О них никогда не говорят ""я узнал"", а всегда - ""я почувствовал"": боль, томление, стыд, жажду, утоление, наслаждение полетом."							
"Когда из-под развевающейся ткани, будто беженцы из укрытия, высыпают персонажи с колясками, перевязанными веревкой чемоданами и ""сбиваются"" в такую знакомую, щемящую мизансцену, понимаешь, что у изгнаний было начало, но нет конца."							
Это редкое состояние выражается в энергетическом поле спортсмена - оно резко меняется, причем даже тогда, когда спортсмен лишь мысленно представляет момент схватки.							
Если живет хозяин - все в порядке, если управляющий – похуже, а если никого нет, усадьбу растаскивают.							
Можно все восстановить, в том числе по современным технологиям, но обязательно в пределах уцелевших фундаментов.							
Теперь ситуация изменится в корне, причем не в пользу владельцев вилл, поскольку сделки по купле-продаже, пусть формально, но проходят через испанские банки.							
Это Денисов страдает, словно от изжоги, целует Лору в темечко, уезжает к себе домой, заваливается на диван, под карту с полушариями, носками - к Огненной Земле, головой - под Филиппины, ставит пепельницу себе на грудь, окуривает холодные горы Антарктиды - ведь кто-то сидит же там сейчас, ковыряется в снежку во имя большой науки, - вот вам дымку, ребята, погрейтесь; отрицает Австралию, ошибку природы, слабо мечтает о капитане: пора бы протечь, деньги-то все прожиты, - и снова о славе, о памяти, о бессмертии…							
А когда делают, то всегда на ноги.							
Хуже у них получилось, когда они пытались представить себя непобедимыми чемпионами, и совсем плохо, когда они попытались вообще ни о чем не думать.							
Но если удается, то только потому, что я очень тщательно прописываю каждый сценарий.							
Как бы его собрать, и желательно не в одном экземпляре?							
"Она сегодня ему говорит: ""Я тебя очень люблю, ты - единственная радость в моей жизни"", а на следующий день уже: ""Знаешь, мне кажется, я все-таки люблю не тебя, а кого-то другого""."							
- Девушек в итоге приводили, но не они, а их друзья, русские ребята, которые приходили в гости со своими подругами и оставались ночевать.							
"Павел Леонидович пришел, эфир вели мы с Бунтманом на пару, я в качестве ""переводчика"" с научного языка на обывательский, хотя Иванов и сам говорит прекрасно, но тогда мы как-то все вместе продемонстрировали, что наука, рассказанная по радио, может быть интересна."							
Но время от времени я пишу что-то специально для этой газеты, и тоже как внештатный автор.							
Этот метод широко используется многими европейскими клубами, часто в дополнение к буксированию самолетом в воздухе.							
В обучении также используются симуляторы, особенно в случае плохой погоды.							
Церковь же поддерживает веру в чудеса всеми правдами и неправдами, причем неправдами очень часто и очень охотно.							
То есть таким образом мы действительно изучаем кинетику фазовых переходов, по крайней мере локально.							
Эмоционально это состояние чаще сопровождается торможением в виде общей подавленности и сонливости, реже - возбуждением с бессонницей и вспышками раздражения, но в обоих случаях – с ухудшением настроения в форме депрессии.							
В клинике первоначально его использовали как активатор и антидепрессант, потом только при заболеваниях и состояниях, сопровождающихся угнетением и снижением активности, и при ожирении, поскольку подавлял аппетит.							
Нужда в них возникает кроме болезней при естественном гипогонадизме (недостаточной секреции гормонов) у женщин -  в менопаузе, то есть уж после 55 лет обязательно, у мужчин – позже (кто-то и в 100 лет гормонально активен).							
Это сделал другой политический деятель и значительно позже.							
С годами взгляды его менялись, но не так уж радикально, и уж, конечно, всегда оставались либеральными.							
То есть цветы вокруг мачты сажать, конечно, получится, а деревья уже нет.							
Про Сталина и его эпоху докладчик рассказал далеко не все, но по тем временам – бесконечно много.							
Проект всем понравился, они выиграли, а потом началось: через неделю принесем финансовые гарантии, потом еще через неделю.							
Что-то воспринимать и осваивать я еще мог, но создавать – нет.							
Сверх того в город, а также на прилегающие к нему объекты потоком пошли федеральные вложения (только на первую и вторую очереди Кольцевой автодороги в 2006 году отпущено 17 млрд руб. и еще примерно столько же на другие проекты).							
Но ликвидировать десятки тысяч рабочих мест и точки, торгующие дешевыми продуктами для бедных, - это именно то, чего не надо делать накануне кризиса, который сам распорядился бы, кто конкурентоспособен, а кто – нет							
Несколько лет назад вторая точка зрения если бы и проиграла, то не сильно, с чем мой приятель согласился.							
Зато стоимость других продовольственных товаров если и увеличится, то не столь существенно.							
Закон можно скорректировать так, чтобы и кандидатуры губернаторов вносил не президент с подачи главы администрации, а президент по представлению премьера - малая деталь, но способная поменять сферу влияния, отмечает Делягин.							
Так почему же общаться с Лимоновым и Шениным - стыдно, а с Путиным, Грефом, Кудриным, Медведевым – нет?, - спрашивает Шендерович.							
Аппарат полетел, нонеустойчиво.							
произошла эволюция российского общественного мнения в антизападном русле, и если это еще нельзя назвать общенациональным консенсусом, то квалифицированным большинством можно;							
А у последних появляется отличная возможность выбирать, чьи команды выполнять, а чьи нет.							
И это позволит перейти в средний класс еще части людей, которые по образованию под него подпадают, а по доходам нет.							
Но ее там нет, как нет выше по списку Чубайса, а ниже – Явлинского.							
Усмешку скептиков разделяю, но лишь отчасти.							
Указатели улиц еще есть кое-где, а вот в метро на латинице ни слова.							
"Конкретные механизмы предлагала, например, ""Деловая Россия"": брать НДС cR1не с выручки, а потом возвращать, а с предварительно рассчитанной компаниями добавленной стоимости - и потом при необходимости корректировать."							
"Я как мирный обыватель и конформист, которому не нужны ни великие потрясения, ни великая Россия, а только минимальный комфорт и безопасность - обеими руками ""за""."							
В 70-х эту землю с бараками, со стороны сегодня больше напоминающими пионерлагерь, купила почта, но без проекта, а так, на всякий случай.							
"Русские люди после XX съезда тоже стали иными, но лишь в достаточно узком слое интеллигенции, постперестроечные и нынешние ""новые русские"" архаичны, как валенки со стразами, но немцы стали совершенно другим народом, то есть остались тем же самым, но поднявшимся на другую ступень, наверное, цивилизации."							
Вырваться Илларион, конечно, может, но только одним способом: став расстригой.							
Дайте движение кораблю, и притом с какой угодно скоростью; тогда (если только движение его будет равномерным, а не колеблющимся туда и сюда) вы не заметите ни малейшей разницы в происходящем.							
И как черт от ладана побежит от Прохорова к Путину.							
"Абстрактные идеи о том, что община якобы спасает Россию от ""язвы пролетариатства"", в реальности, естественно, не работали - деревня нищала, сельский пролетариат рос на глазах, и именно из-за общины."							
В итоге молодые специалисты, конечно же, получили опыт, но слишком дорогой ценой.							
(Пожалуй, теперь в связи с улучшением уровня жизни этот возраст можно было бы повысить, но не слишком - скажем, до 70 лет.)							
Чтобы в результате число emeritus академиков не устремилось к бесконечности, зафиксировать для них верхнюю границу суммарных академических приплат (для каждого отделения свою, исходя из его численности): навыбираете больше - будете делиться.							
"Итак, автор в сущности утверждает, что РАН борется не за научность, а против Петрика (""облико морале"" коего неподсудно); что его напрасно обвиняют в намерении заработать фантастические суммы, причем ""на нанофильтрах"";что его напрасно обвиняют в пользовании покровительством спикера Госдумы и что все обвинения в адрес злосчастного Петрика основаны на ""странных"" экспертизах."							
Но поскольку власти не считают возможным пускать дело на самотек, то медикам дается указание как-то бороться с этим явлением, а как – никому не известно.							
Итак, война в союзе с Англией и Францией обещала нам скорую победу, а лично мне накопление средств для продолжения учебы.							
Во всяком случае, о социальных функциях современного государства можно сказать то же, что и об общем процессе его усиления.							
Два его соперника при встрече сталкивались бамперами и радостно разбегались, а Electrolux притормаживал, пропуская конкурента, а если и ударялся, то чрезвычайно деликатно.							
Клинок изготовлен из слоистой или волокнистой стали, похожей на дамаск и булат одновременно (см. врезку), но его еще подвергают так называемой зонной закалке: лезвие закаляется, а обух клинка – нет.							
Если в развитых странах при господстве мощнейших корпораций на долю малого бизнеса приходится до 70% внутреннего валового продукта (ВВП), то в России - ничтожно мало (всего 10-12%).							
Они, если и претерпели изменения, то, как видим, не в лучшую сторону.							
Сейчас ее ждет такой же процесс ликвидации, что и республиканцев.							
Напряженные, застывшие лица сменились вдруг на картинах живыми, полными чувств чертами, приблизительность точностью деталей…							
В ГДР, ФРГ, Австрии, констатирует Али, применялись различные стратегии самозащиты, но с одной и той же целью - обеспечить большинству населения спокойную жизнь и чистую совесть.							
То, что, действительно, важно, называется мощностью всасывания: обычно ее не указывают на корпусе, а только в технических характеристиках.							
И вызывал не меньший интерес, чем в следующем веке самолеты и космические ракеты.							
"Время новостей со слов некоего господина пишет, что сейчас у Аксененко два конфликта с ""Русалом"" и Чубайсом, причем первый разрешим, а второй нет."							
- И поэтому, например, обилие шуток в ней просто пропадает, поскольку они все звучали бы ровно так же, как тексты, например, Жванецкого через 200 лет.							
